imgt_pos	A	C	D	E	F	G	H	I	K	L	M	N	P	Q	R	S	T	V	W	Y
1	0	0	0	0	0	0	0.0072	0	0.0002	0	0	0.0185	0	0.6686	0	0.3054	0	0	0	0.0000
2	0.0264	0.0006	0.0015	0.0001	0.0231	0.0001	0.0021	0.0003	0.0000	0.0169	0.0000	0.0007	0.0158	0.0000	0.0001	0.6565	0.0193	0.0009	0.0000	0.2356
3	0.3425	0.0000	0.0089	0.2169	0.0004	0.0045	0.0002	0.0022	0.0008	0.0059	0.0187	0.0001	0.0020	0.0016	0.0001	0.0016	0.0012	0.3923	0.0001	0.0002
4	0.0003	0.0000	0.0000	0.0000	0.0013	0.0002	0.0000	0.0001	0.0000	0.9463	0.0031	0.0000	0.0043	0.0005	0.0031	0.0003	0.0001	0.0402	0.0001	0
5	0.0048	0.0000	0.0000	0.0000	0.0001	0.0000	0.0004	0.0029	0.0005	0.0002	0.0002	0.0021	0.0295	0.0001	0.0004	0.0054	0.9533	0.0001	0	0.0000
6	0.0001	0.0000	0.0000	0.0004	0.0000	0.0000	0.0131	0.0000	0.0028	0.0017	0.0000	0.0001	0.0279	0.9513	0.0017	0.0002	0.0004	0.0000	0.0000	0.0001
7	0.0074	0.0000	0.0486	0.0323	0.0001	0.0004	0.0022	0.0001	0.0001	0.0026	0.0000	0.0001	0.8675	0.0034	0.0007	0.0282	0.0054	0.0005	0.0000	0.0005
8	0.2424	0.0001	0.0012	0.0000	0.0001	0.0002	0.0230	0.0001	0.0000	0.0093	0.0000	0.0001	0.6517	0.0003	0.0474	0.0174	0.0051	0.0015	0.0000	0.0001
9	0.0568	0.0003	0.0005	0.0001	0.0007	0.0001	0.0003	0.0000	0.0000	0.0010	0	0.0000	0.0242	0.0003	0.0000	0.9102	0.0028	0.0006	0.0001	0.0019
11	0.1771	0.0001	0.0002	0.0031	0.0072	0.0057	0.0005	0.0009	0.0000	0.0472	0.0048	0.0000	0.0025	0.0001	0.0003	0.0028	0.0020	0.7454	0.0002	0.0000
12	0.0077	0.0006	0.0001	0.0000	0.0014	0.0000	0.0002	0.0001	0.0000	0.0006	0.0000	0.0001	0.0117	0.0001	0.0000	0.9484	0.0255	0.0001	0.0000	0.0033
13	0.0866	0.0003	0.0010	0.0272	0.0004	0.5343	0.0000	0.0000	0.0015	0.0043	0.0007	0.0000	0.0007	0.0004	0.0050	0.0007	0.0003	0.3337	0.0029	0.0000
14	0.2923	0.0007	0.0017	0.0000	0.0021	0.0020	0.0003	0.0003	0.0000	0.0003	0.0000	0.0007	0.0167	0.0000	0.0001	0.5708	0.1078	0.0014	0.0000	0.0027
15	0.0024	0.0000	0.0000	0.0000	0.0010	0.0000	0.0025	0.0001	0.0000	0.0844	0.0004	0.0000	0.8957	0.0022	0.0016	0.0035	0.0051	0.0007	0.0004	0.0000
16	0.0066	0.0005	0.0004	0.0020	0.0000	0.9674	0.0000	0.0000	0.0001	0.0002	0.0000	0.0000	0.0001	0.0001	0.0154	0.0004	0.0002	0.0056	0.0010	0.0000
17	0.0249	0.0000	0.0005	0.0068	0.0000	0.0332	0.0081	0.0000	0.0582	0.0022	0.0003	0.0008	0.0323	0.8207	0.0054	0.0035	0.0026	0.0003	0.0002	0.0001
18	0.0072	0.0001	0.0001	0.0005	0.0000	0.0052	0.0001	0.0005	0.0409	0.0007	0.0036	0.0012	0.0149	0.0012	0.2087	0.3607	0.3529	0.0002	0.0013	0.0001
19	0.2624	0.0001	0.0019	0.0000	0.0030	0.0035	0.0003	0.2292	0.0000	0.0121	0.0002	0.0012	0.0009	0.0000	0.0002	0.0027	0.0042	0.4779	0	0.0001
20	0.0057	0.0001	0.0002	0.0003	0.0001	0.0009	0.0005	0.0053	0.0217	0.0003	0.0010	0.0056	0.0194	0.0005	0.1837	0.1117	0.6419	0.0006	0.0003	0.0001
21	0.0001	0.0001	0.0001	0.0000	0.0041	0.0000	0.0005	0.8834	0.0000	0.0825	0.0032	0.0025	0.0024	0.0000	0.0009	0.0056	0.0076	0.0070	0.0000	0.0000
22	0.0093	0.0003	0.0001	0.0000	0.0016	0.0000	0.0007	0.0013	0.0003	0.0006	0.0001	0.0017	0.0438	0.0000	0.0004	0.5869	0.3506	0.0002	0.0000	0.0021
23	0.0002	0.9727	0.0000	0.0000	0.0047	0.0054	0.0000	0.0000	0.0000	0.0004	0.0000	0.0001	0.0002	0.0000	0.0062	0.0054	0.0001	0.0003	0.0029	0.0015
24	0.0193	0.0006	0.0009	0.0026	0.0016	0.1025	0.0016	0.0025	0.0004	0.0007	0.0005	0.0016	0.0295	0.0483	0.0019	0.3194	0.4625	0.0013	0.0010	0.0014
25	0.0093	0.0006	0.0004	0.0026	0.0007	0.8972	0.0001	0.0001	0.0001	0.0379	0.0001	0.0001	0.0010	0.0001	0.0188	0.0240	0.0005	0.0051	0.0012	0.0001
26	0.0099	0.0010	0.2061	0.0058	0.0004	0.0094	0.0045	0.0051	0.0018	0.0007	0.0001	0.0808	0.0092	0.0005	0.0192	0.3157	0.3259	0.0018	0.0001	0.0020
27	0.0534	0.0009	0.0057	0.0026	0.0006	0.0098	0.0025	0.0064	0.0923	0.0008	0.0004	0.0971	0.0026	0.0024	0.0239	0.6482	0.0427	0.0054	0.0002	0.0021
28	0.0049	0.0014	0.0031	0.0006	0.0043	0.0808	0.0009	0.0816	0.0002	0.2098	0.0018	0.0074	0.0133	0.0001	0.0155	0.5584	0.0067	0.0056	0.0018	0.0018
29	0.0379	0.0001	0.3201	0.0061	0.0009	0.1853	0.0271	0.0091	0.0020	0.0010	0.0001	0.2561	0.0532	0.0011	0.0518	0.0303	0.0092	0.0028	0.0007	0.0051
30	0.0054	0.0003	0.0016	0.0001	0.0072	0.0059	0.0006	0.4083	0.0008	0.0204	0.0016	0.0141	0.0009	0.0000	0.0015	0.0317	0.0073	0.4920	0.0000	0.0003
31	0.0065	0.0036	0.0038	0.0019	0.0003	0.8757	0.0004	0.0011	0.0001	0.0005	0.0000	0.0009	0.0027	0.0001	0.0062	0.0201	0.0478	0.0252	0.0028	0.0003
32	0.2864	0.0050	0.1508	0	0.0050	0.1156	0.0151	0.0704	0.0201	0.0101	0.0050	0.0653	0.0101	0	0.0352	0.1357	0.0251	0.0302	0	0.0151
34	0.0479	0	0.0396	0.0021	0.0104	0.1750	0.0833	0.0854	0	0.1396	0	0.1562	0.0104	0.0021	0.1146	0.0437	0.0146	0.0125	0	0.0625
35	0.1986	0.0049	0.0103	0.0056	0.0024	0.5809	0.0014	0.0024	0.0011	0.0016	0.0002	0.0095	0.0032	0.0004	0.0137	0.1315	0.0223	0.0068	0.0007	0.0027
36	0.0052	0.0015	0.1021	0.0045	0.0060	0.1263	0.0074	0.0040	0.0552	0.0013	0.0005	0.0630	0.0021	0.0017	0.0173	0.2569	0.0255	0.0030	0.0002	0.3163
37	0.0015	0.0005	0.0204	0.0042	0.0055	0.0014	0.0323	0.0023	0.2016	0.0011	0.0003	0.4628	0.0019	0.0446	0.0060	0.0126	0.0145	0.0005	0.0001	0.1858
38	0.0273	0.0020	0.1014	0.0017	0.0270	0.0054	0.0118	0.0066	0.0008	0.0679	0.0003	0.0139	0.0063	0.0005	0.0161	0.0909	0.0573	0.0043	0.0011	0.5574
39	0.2005	0.0005	0.0019	0.0013	0.0069	0.0064	0.0003	0.0323	0.0001	0.0099	0.0004	0.0001	0.0333	0.0001	0.0002	0.0033	0.0053	0.6970	0.0001	0.0001
40	0.0263	0.0932	0.0025	0.0003	0.0055	0.0017	0.1826	0.0008	0.0007	0.0011	0.0000	0.0779	0.0209	0.0210	0.0075	0.4304	0.0093	0.0004	0.0004	0.1176
41	0.0001	0.0119	0.0000	0.0001	0.0001	0.0070	0.0000	0.0000	0.0000	0.0060	0.0001	0.0000	0.0000	0.0001	0.0063	0.0021	0.0000	0.0004	0.9658	0.0001
42	0.0001	0.0022	0.0045	0.0001	0.0386	0.0000	0.0224	0.0005	0.0000	0.0043	0.0000	0.0015	0.0008	0.0003	0.0001	0.0093	0.0002	0.0005	0.0000	0.9146
43	0.0001	0.0000	0.0000	0.0007	0.0000	0.0000	0.0140	0.0000	0.0059	0.0030	0.0000	0.0002	0.0112	0.9528	0.0107	0.0002	0.0006	0.0001	0.0000	0.0003
44	0.0002	0.0001	0.0010	0.0014	0.0002	0.0001	0.0361	0.0001	0.0077	0.0057	0.0001	0.0004	0.0128	0.9253	0.0055	0.0002	0.0006	0.0018	0.0001	0.0005
45	0.0006	0.0003	0.0007	0.0012	0.0138	0.0005	0.3055	0.0034	0.3117	0.2333	0.0007	0.0049	0.0202	0.0255	0.0421	0.0023	0.0132	0.0104	0.0001	0.0096
46	0.0071	0.0000	0.0000	0.0002	0.0000	0.0000	0.0006	0.0000	0.0000	0.0012	0	0.0000	0.9581	0.0076	0.0008	0.0176	0.0064	0.0001	0.0000	0.0000
47	0.0057	0.0025	0.0074	0.0170	0.0000	0.9516	0.0005	0.0000	0.0004	0.0001	0.0000	0.0007	0.0003	0.0007	0.0046	0.0018	0.0003	0.0061	0.0001	0.0000
48	0.0087	0.0000	0.0001	0.0044	0.0000	0.0008	0.0044	0.0009	0.3405	0.0010	0.0019	0.0078	0.0089	0.3335	0.0102	0.0287	0.2477	0.0003	0.0000	0.0000
49	0.8217	0.0003	0.0036	0.0002	0.0021	0.0197	0.0002	0.0002	0.0000	0.0008	0.0000	0.0001	0.0195	0.0000	0.0002	0.1140	0.0057	0.0110	0	0.0008
50	0.0008	0.0000	0.0000	0.0000	0.0000	0.0000	0.0048	0.0000	0	0.0018	0	0.0001	0.9845	0.0002	0.0006	0.0014	0.0057	0.0000	0	0.0000
51	0.0022	0.0001	0.0002	0.0035	0.0004	0.0034	0.0015	0.0077	0.5595	0.0106	0.0022	0.0173	0.0009	0.0171	0.0661	0.0011	0.0278	0.2781	0.0003	0.0001
52	0.0094	0.0003	0.0003	0.0001	0.0067	0.0004	0.0023	0.0046	0.0002	0.8565	0.0042	0.0003	0.0113	0.0006	0.0096	0.0017	0.0403	0.0246	0.0002	0.0262
53	0.0011	0.0002	0.0003	0.0001	0.0036	0.0028	0.0011	0.0415	0.0006	0.3425	0.2762	0.0001	0.0043	0.0001	0.0066	0.0007	0.0012	0.3165	0.0003	0.0000
54	0.0004	0.0002	0.0001	0.0000	0.0042	0.0007	0.0002	0.8574	0.0002	0.0279	0.0317	0.0020	0.0002	0.0000	0.0012	0.0091	0.0039	0.0603	0.0000	0.0001
55	0.0004	0.0037	0.0078	0.0007	0.0297	0.0002	0.0117	0.0004	0.0185	0.0013	0.0002	0.0033	0.0003	0.0012	0.0082	0.0172	0.0009	0.0007	0.0003	0.8933
56	0.0119	0.0015	0.2574	0.2195	0.0014	0.1469	0.0037	0.0017	0.0512	0.0156	0.0008	0.0100	0.0008	0.1003	0.0527	0.0727	0.0043	0.0085	0.0004	0.0387
57	0.0066	0.0006	0.2731	0.0071	0.0030	0.0418	0.0039	0.0030	0.0572	0.0013	0.0001	0.2578	0.0006	0.0009	0.0016	0.0069	0.0388	0.2920	0.0000	0.0036
58	0.0072	0.0011	0.0044	0.0004	0.0009	0.1012	0.0013	0.0030	0.0009	0.0021	0.0006	0.0127	0.0050	0	0.0208	0.8240	0.0119	0.0017	0	0.0008
59	0.0093	0.0002	0.8522	0.0083	0.0001	0.0111	0.0021	0.0003	0.0007	0.0002	0.0001	0.0054	0.0001	0.0003	0.0014	0.0978	0.0013	0.0030	0	0.0062
63	0.0064	0.0033	0.0031	0.0009	0.0007	0.6696	0.0002	0.0018	0.0003	0.0035	0	0.0003	0.0032	0.0001	0.0015	0.3007	0.0018	0.0019	0	0.0006
64	0.0037	0.0008	0.2740	0.0121	0.0010	0.0101	0.0019	0.0041	0.0009	0.0005	0.0010	0.0244	0.0008	0.0001	0.0216	0.6142	0.0220	0.0050	0	0.0016
65	0.0030	0.0007	0.0267	0.0014	0.0025	0.0060	0.0204	0.0101	0.0165	0.0007	0.0004	0.2453	0.0012	0.0007	0.0168	0.5729	0.0632	0.0025	0.0001	0.0089
66	0.0043	0.0001	0.0790	0.0569	0.0005	0.0050	0.0107	0.0049	0.3139	0.0087	0.0013	0.3188	0.0041	0.1312	0.0145	0.0193	0.0189	0.0024	0.0002	0.0051
67	0.0001	0.0001	0.0000	0.0002	0.0000	0.0023	0.0002	0.0002	0.0408	0.0102	0.0003	0.0007	0.0038	0.0113	0.9246	0.0009	0.0010	0.0002	0.0033	0.0000
68	0.0052	0.0002	0.0003	0.0001	0.0005	0.0288	0.0268	0.0000	0.0000	0.0023	0.0000	0.0004	0.9134	0.0008	0.0025	0.0125	0.0046	0.0003	0.0001	0.0011
69	0.0225	0.0003	0.0164	0.0004	0.0008	0.0004	0.0001	0.0001	0.0000	0.0037	0.0000	0.0001	0.0161	0.0003	0.0002	0.9339	0.0032	0.0004	0.0002	0.0008
70	0.0029	0.0006	0.0015	0.0060	0.0000	0.9449	0.0001	0.0000	0.0003	0.0005	0.0000	0.0001	0.0001	0.0001	0.0050	0.0004	0.0003	0.0084	0.0286	0.0000
71	0.0029	0.0007	0.0005	0.0000	0.0077	0.0066	0.0001	0.3604	0.0001	0.0059	0.0014	0.0014	0.0005	0.0000	0.0003	0.0045	0.0287	0.5782	0.0000	0.0001
72	0.0056	0.0004	0.0001	0.0000	0.0008	0.0001	0.0016	0.0000	0.0000	0.0016	0.0000	0.0000	0.7363	0.0003	0.0011	0.2482	0.0030	0.0001	0.0000	0.0006
74	0.0393	0.0004	0.4545	0.2388	0.0004	0.0135	0.0057	0.0017	0.0042	0.0004	0.0001	0.2043	0.0009	0.0010	0.0011	0.0160	0.0060	0.0053	0.0003	0.0061
75	0.0001	0.0008	0.0000	0.0000	0.0000	0.0020	0.0011	0.0001	0.0001	0.0068	0.0000	0.0000	0.0016	0.0009	0.9853	0.0009	0.0001	0.0001	0.0001	0.0000
76	0.0000	0.0115	0.0000	0.0000	0.9588	0.0002	0.0000	0.0052	0.0000	0.0089	0.0001	0.0000	0.0000	0	0.0001	0.0024	0.0000	0.0110	0.0000	0.0016
77	0.0169	0.0008	0.0001	0.0000	0.0035	0.0001	0.0001	0.0001	0.0000	0.0005	0.0000	0.0000	0.0038	0.0000	0.0000	0.9693	0.0029	0.0002	0.0000	0.0017
78	0.0228	0.0073	0.0021	0.0001	0.0001	0.9593	0.0000	0.0000	0.0000	0.0000	0.0000	0.0000	0.0001	0.0000	0.0008	0.0018	0.0001	0.0053	0.0001	0.0000
79	0.0143	0.0014	0.0001	0.0000	0.0030	0.0001	0.0001	0.0000	0.0000	0.0003	0	0.0000	0.0031	0.0000	0.0000	0.9711	0.0027	0.0001	0.0000	0.0035
80	0.0005	0.0002	0.0008	0.0018	0.0004	0.0012	0.0017	0.0283	0.5972	0.0239	0.0010	0.1848	0.0004	0.0045	0.0153	0.1229	0.0132	0.0011	0.0001	0.0008
81	0.0082	0.0004	0.9617	0.0065	0.0015	0.0029	0.0015	0	0	0.0001	0	0.0021	0.0005	0.0001	0.0001	0.0072	0.0002	0.0015	0	0.0057
82	0.3054	0.0012	0.0027	0.0003	0.0018	0.0124	0.0002	0.0062	0.0027	0.0030	0.0008	0.0018	0.0035	0.0001	0.0275	0.5949	0.0275	0.0065	0.0001	0.0015
83	0.0148	0.0007	0.0001	0.0000	0.0023	0.0001	0.0001	0.0003	0.0000	0.0319	0.0000	0.0001	0.0028	0.0000	0.0009	0.9394	0.0029	0.0012	0.0000	0.0023
84	0.0172	0.0031	0.0082	0.0031	0.0001	0.9384	0.0002	0.0000	0.0002	0.0001	0.0000	0.0001	0.0002	0.0001	0.0021	0.0196	0.0009	0.0048	0.0014	0.0001
85	0.0241	0.0001	0.0101	0.0002	0.0001	0.0240	0.0028	0.0021	0.0048	0.0002	0.0003	0.5921	0.0028	0.0002	0.0006	0.0104	0.3235	0.0004	0.0000	0.0015
86	0.0171	0.0000	0.0033	0.0164	0.0000	0.0006	0.0001	0.0032	0.0337	0.0008	0.0116	0.0006	0.0039	0.0003	0.0019	0.2853	0.6199	0.0013	0.0001	0.0002
87	0.9075	0.0001	0.0022	0.0003	0.0002	0.0121	0.0003	0.0003	0.0000	0.0003	0.0000	0.0001	0.0009	0	0.0197	0.0045	0.0023	0.0492	0.0000	0.0000
88	0.0421	0.0006	0.0003	0.0000	0.0037	0.0001	0.0004	0.0093	0.0001	0.0009	0.0002	0.0010	0.0025	0.0000	0.0000	0.6209	0.2955	0.0007	0.0000	0.0218
89	0.0000	0.0000	0.0000	0	0.0011	0.0000	0.0001	0.0003	0.0000	0.9851	0.0025	0.0000	0.0026	0.0005	0.0052	0.0003	0.0001	0.0017	0.0005	0
90	0.2215	0.0003	0.0048	0.0002	0.0003	0.0382	0.0002	0.0059	0.0004	0.0086	0.0001	0.0015	0.0026	0.0000	0.0011	0.0061	0.7040	0.0042	0	0.0000
91	0.0001	0.0001	0.0000	0.0000	0.0012	0.0004	0.0000	0.9058	0.0000	0.0284	0.0008	0.0009	0.0001	0.0000	0.0004	0.0104	0.0028	0.0486	0	0.0000
92	0.0111	0.0008	0.0006	0.0000	0.0009	0.0034	0.0002	0.0024	0.0002	0.0004	0.0001	0.0044	0.0027	0.0000	0.0058	0.7563	0.2094	0.0003	0.0001	0.0009
93	0.0034	0.0003	0.0019	0.0043	0.0000	0.8706	0.0001	0.0001	0.0006	0.0001	0.0002	0.0037	0.0001	0.0001	0.0858	0.0179	0.0009	0.0064	0.0036	0.0000
94	0.0983	0.0000	0.0004	0.0000	0.0008	0.0014	0.0007	0.0024	0.0000	0.6462	0.0000	0.0004	0.0021	0.0000	0.0069	0.0009	0.1044	0.1348	0.0000	0.0000
95	0.0004	0.0000	0.0010	0.0806	0.0000	0.0007	0.0047	0.0000	0.0189	0.0039	0.0001	0.0001	0.0022	0.8321	0.0542	0.0001	0.0003	0.0001	0.0004	0.0000
96	0.7058	0.0002	0.0035	0.0009	0.0018	0.0027	0.0003	0.0011	0.0000	0.0006	0.0001	0.0004	0.0434	0.0000	0.0002	0.1472	0.0705	0.0209	0.0000	0.0005
97	0.0042	0.0000	0.0302	0.7222	0.0001	0.1332	0.0000	0.0017	0.0007	0.0027	0.0972	0.0001	0.0000	0.0006	0.0009	0.0001	0.0009	0.0045	0.0004	0.0001
98	0.0016	0.0000	0.9854	0.0072	0.0000	0.0011	0.0005	0.0000	0.0000	0	0.0001	0.0009	0.0000	0.0000	0.0000	0.0001	0.0000	0.0007	0.0000	0.0023
99	0.0034	0	0.0093	0.9815	0	0.0031	0.0000	0.0000	0.0006	0.0000	0.0000	0.0000	0.0000	0.0004	0.0001	0.0001	0.0002	0.0012	0.0001	0.0001
100	0.9610	0.0008	0.0040	0.0001	0.0000	0.0148	0.0000	0.0000	0.0000	0.0001	0	0.0000	0.0004	0	0.0000	0.0148	0.0028	0.0011	0.0000	0.0001
101	0.0046	0.0000	0.9290	0.0333	0.0005	0.0019	0.0059	0.0009	0.0002	0.0010	0.0000	0.0040	0.0000	0.0003	0.0004	0.0008	0.0031	0.0064	0.0000	0.0076
102	0.0000	0.0009	0.0069	0.0004	0.0041	0.0000	0.0007	0.0001	0.0000	0.0001	0.0000	0.0003	0.0000	0.0000	0.0000	0.0008	0.0000	0.0001	0.0000	0.9855
103	0.0001	0.0032	0.0053	0.0001	0.0226	0.0000	0.0077	0.0003	0.0000	0.0003	0.0000	0.0004	0.0000	0.0001	0.0000	0.0050	0.0001	0.0004	0.0002	0.9541
104	0.0000	0.9827	0.0000	0.0000	0.0019	0.0071	0.0000	0.0000	0.0000	0.0001	0.0000	0	0.0000	0.0000	0.0012	0.0015	0.0000	0.0002	0.0039	0.0013
105	0.1216	0.1187	0.0008	0.0053	0.0023	0.0462	0.0055	0.0016	0.0016	0.0291	0.0086	0.0506	0.0009	0.3670	0.0024	0.2060	0.0065	0.0087	0.0004	0.0162
106	0.2157	0.0010	0.0001	0.0011	0.0009	0.0016	0.0001	0.0096	0.0002	0.0355	0.0008	0.0002	0.0014	0.0001	0.0004	0.5664	0.0749	0.0891	0.0001	0.0009
107	0.0449	0.0043	0.0037	0.0006	0.0122	0.0064	0.0052	0.0004	0.0007	0.0035	0.0002	0.0012	0.0009	0.0024	0.0522	0.0187	0.0114	0.0014	0.3793	0.4507
108	0.1593	0.0003	0.5738	0.0062	0.0013	0.0232	0.0103	0.0025	0.0009	0.0009	0.0081	0.0027	0.0022	0.0003	0.0032	0.0066	0.1666	0.0062	0.0001	0.0253
109	0.0075	0.0009	0.1276	0.0017	0.0014	0.1775	0.0036	0.0078	0.0015	0.0017	0.0005	0.0194	0.0023	0.0004	0.0158	0.5835	0.0410	0.0039	0.0001	0.0019
110	0.0035	0.0006	0.0062	0.0005	0.0010	0.0296	0.0011	0.0080	0.0013	0.0011	0.0005	0.0171	0.0013	0.0001	0.0219	0.8733	0.0284	0.0026	0.0003	0.0017
111	0.0057	0.0006	0.0065	0.0007	0.0009	0.1959	0.0030	0.0025	0.0020	0.4540	0.0023	0.0190	0.0086	0.0037	0.0139	0.2403	0.0162	0.0094	0.0006	0.0144
111A	0.0835	0.0019	0.2144	0.0247	0.0019	0.0531	0.0057	0.0209	0.0076	0.0133	0	0.0323	0.0095	0.0114	0.0285	0.3207	0.1157	0.0171	0.0057	0.0323
111B	0.0829	0	0.0369	0.0276	0.0230	0.4608	0.0138	0.0046	0	0.0415	0	0.0046	0.0369	0.0691	0.0138	0.0645	0.0184	0.0691	0.0046	0.0276
112B	0.0671	0	0.1555	0.0177	0.0283	0.3498	0.0106	0.0212	0.0035	0.0035	0	0.0247	0.0141	0.0071	0.0707	0.0671	0.0883	0.0565	0	0.0141
112A	0.0489	0.0033	0.0810	0.0033	0.0422	0.0643	0.0134	0.0074	0.0007	0.0120	0.0054	0.0950	0.0167	0.0067	0.0228	0.3608	0.1814	0.0194	0.0094	0.0060
112	0.0089	0.0009	0.0390	0.0014	0.0017	0.1259	0.0034	0.0046	0.0018	0.4071	0.0031	0.0578	0.0062	0.0019	0.0129	0.2636	0.0335	0.0063	0.0003	0.0198
113	0.0126	0.0006	0.0275	0.0009	0.0024	0.1046	0.0110	0.0063	0.0022	0.1982	0.0015	0.0660	0.0035	0.0013	0.0166	0.4596	0.0659	0.0043	0.0003	0.0147
114	0.0328	0.0007	0.0571	0.0032	0.0092	0.1184	0.0281	0.0117	0.0057	0.0379	0.0008	0.1396	0.0253	0.0044	0.0202	0.3366	0.1303	0.0068	0.0010	0.0303
115	0.0637	0.0031	0.0242	0.0082	0.0320	0.1430	0.1036	0.0268	0.0066	0.0727	0.0015	0.0549	0.0522	0.0133	0.0317	0.0930	0.1982	0.0203	0.0026	0.0484
116	0.0271	0.0042	0.0052	0.0171	0.0133	0.0730	0.0082	0.0042	0.0088	0.0697	0.0046	0.0045	0.0312	0.0115	0.0580	0.0224	0.0121	0.3199	0.1650	0.1401
117	0.0049	0.0002	0.0006	0.0033	0.0052	0.0057	0.0003	0.0245	0.0008	0.0414	0.0037	0.0002	0.0024	0.0007	0.0023	0.0026	0.0024	0.8984	0.0003	0.0002
118	0.0001	0.0038	0.0000	0.0000	0.9817	0.0002	0.0000	0.0021	0.0000	0.0045	0.0000	0.0000	0.0001	0.0000	0.0001	0.0010	0.0000	0.0055	0.0000	0.0008
119	0.0025	0.0008	0.0008	0.0003	0.0000	0.9928	0.0000	0.0000	0.0000	0.0000	0.0000	0.0000	0.0000	0.0000	0.0007	0.0008	0.0000	0.0012	0.0000	0.0000
120	0.0050	0.0001	0.0001	0.0016	0.0001	0.7677	0.0000	0.0010	0.0001	0.0001	0.0000	0.0006	0.0056	0.0000	0.0024	0.0103	0.2041	0.0011	0.0000	0.0000
121	0.0014	0.0000	0.0000	0.0010	0.0000	0.9914	0.0000	0	0.0000	0.0000	0.0000	0.0000	0.0000	0.0000	0.0013	0.0000	0.0000	0.0023	0.0023	0.0000
122	0.0014	0.0000	0.0000	0	0.0000	0	0.0000	0.0008	0.0000	0.0000	0.0000	0.0009	0.0018	0	0.0000	0.0017	0.9933	0.0000	0	0.0000
123	0.0004	0.0000	0.0002	0.0056	0.0001	0.0002	0.0013	0.0003	0.9376	0.0002	0.0014	0.0054	0.0001	0.0111	0.0226	0.0018	0.0109	0.0001	0.0002	0.0004
124	0.0003	0.0000	0.0001	0.0000	0.0008	0.0005	0.0000	0.0021	0	0.7462	0.0010	0.0000	0.0007	0.0002	0.0015	0.0001	0.0000	0.2464	0.0000	0.0000
125	0.0043	0.0000	0.0003	0.0000	0.0002	0.0000	0.0001	0.0031	0.0001	0.0001	0.0000	0.0018	0.0029	0	0.0001	0.0065	0.9802	0.0004	0	0.0000
126	0.0027	0.0000	0.0004	0	0.0007	0.0057	0	0.0016	0	0.0004	0.0000	0.0000	0.0000	0	0.0006	0.0000	0.0000	0.9879	0	0
127	0	0	0	0	0.0000	0	0	0.0016	0	0.9949	0	0	0.0006	0.0000	0.0000	0.0000	0	0.0028	0	0
